{
  "symptom_based": {
    "accuracy": 1.0,
    "model_type": "XGBoost"
  },
  "diabetes": {
    "accuracy": 0.855,
    "precision": 0.8555810229206285,
    "recall": 0.855,
    "f1_score": 0.8550980735990382,
    "model_type": "Diabetes"
  },
  "heart_disease": {
    "accuracy": 0.775,
    "precision": 0.7811715252756851,
    "recall": 0.775,
    "f1_score": 0.7706671171288235,
    "model_type": "Heart Disease"
  },
  "parkinsons": {
    "accuracy": 0.665,
    "precision": 0.44222500000000003,
    "recall": 0.665,
    "f1_score": 0.5312012012012012,
    "model_type": "Parkinson's Disease"
  },
  "liver_disease": {
    "accuracy": 0.995,
    "precision": 0.9900249999999999,
    "recall": 0.995,
    "f1_score": 0.9925062656641603,
    "model_type": "Liver Disease"
  },
  "hepatitis": {
    "accuracy": 0.95,
    "precision": 0.9118090452261306,
    "recall": 0.95,
    "f1_score": 0.9305128205128205,
    "model_type": "Hepatitis"
  },
  "chronic_kidney": {
    "accuracy": 0.86,
    "precision": 0.7395999999999999,
    "recall": 0.86,
    "f1_score": 0.7952688172043011,
    "model_type": "Chronic Kidney Disease"
  }
}