{"accuracy": 0.855, "precision": 0.8555810229206285, "recall": 0.855, "f1_score": 0.8550980735990382, "model_type": "Diabetes"}