{"accuracy": 0.775, "precision": 0.7811715252756851, "recall": 0.775, "f1_score": 0.7706671171288235, "model_type": "Heart Disease"}