{"accuracy": 0.95, "precision": 0.9118090452261306, "recall": 0.95, "f1_score": 0.9305128205128205, "model_type": "Hepatitis"}