{"accuracy": 0.995, "precision": 0.9900249999999999, "recall": 0.995, "f1_score": 0.9925062656641603, "model_type": "Liver Disease"}