{"accuracy": 0.665, "precision": 0.44222500000000003, "recall": 0.665, "f1_score": 0.5312012012012012, "model_type": "Parkinson's Disease"}